{
    "sex": {
        "male": 13005.132242973374,
        "female": 11942.4888255287
    },
    "smoker": {
        "yes": 28206.27124087591,
        "no": 8429.397254464286
    },
    "region": {
        "southeast": 13475.817462225274,
        "northeast": 12788.999614197532,
        "northwest": 11848.255338461538,
        "southwest": 11685.786407692307
    }
}