{
    "train_score": {
        "mean_absolute_error": 1666.3191398837907,
        "mean_square_error": 10002327.485866157,
        "r2_score": 0.9026949402023454,
        "root_mean_square_error": 3162.645646585491,
        "range_of_output": [
            1135.94,
            34489.35625
        ]
    },
    "test_score": {
        "mean_absolute_error": 2603.505736796986,
        "mean_square_error": 20853219.29817981,
        "r2_score": 0.8000828601430593,
        "root_mean_square_error": 4566.532524594543,
        "range_of_output": [
            1121.87,
            34489.35625
        ]
    }
}